samples	fq_dir	bam_dir	assembly	assembly_dir	group
donkey1	/analysis1/yihang_analysis/pipeline/data/reads/donkey1.fq.gz	/analysis1/yihang_analysis/pipeline/data/bam/donkey1.bam	horsedonkey	/analysis1/yihang_analysis/pipeline/data/assembly/sample1.fa	"donkey,horsedonkey"
hinny2	/analysis1/yihang_analysis/pipeline/data/reads/hinny2.fq.gz	/analysis1/yihang_analysis/pipeline/data/bam/hinny2.bam	horsedonkey	/analysis1/yihang_analysis/pipeline/data/assembly/sample1.fa	hinny
hinny3	/analysis1/yihang_analysis/pipeline/data/reads/hinny3.fq.gz	/analysis1/yihang_analysis/pipeline/data/bam/hinny3.bam	horsedonkey	/analysis1/yihang_analysis/pipeline/data/assembly/sample1.fa	hinny
horse1	/analysis1/yihang_analysis/pipeline/data/reads/horse1.fq.gz	/analysis1/yihang_analysis/pipeline/data/bam/horse1.bam	horsedonkey	/analysis1/yihang_analysis/pipeline/data/assembly/sample1.fa	"horse,horsedonkey"
horse3	/analysis1/yihang_analysis/pipeline/data/reads/horse3.fq.gz	/analysis1/yihang_analysis/pipeline/data/bam/horse3.bam	horsedonkey	/analysis1/yihang_analysis/pipeline/data/assembly/sample1.fa	"horse,horsedonkey"
donkey2	/analysis1/yihang_analysis/pipeline/data/reads/donkey2.fq.gz	/analysis1/yihang_analysis/pipeline/data/bam/donkey2.bam	horsedonkey	/analysis1/yihang_analysis/pipeline/data/assembly/sample1.fa	"donkey,horsedonkey"
donkey3	/analysis1/yihang_analysis/pipeline/data/reads/donkey3.fq.gz	/analysis1/yihang_analysis/pipeline/data/bam/donkey3.bam	horsedonkey	/analysis1/yihang_analysis/pipeline/data/assembly/sample1.fa	"donkey,horsedonkey"
horse2	/analysis1/yihang_analysis/pipeline/data/reads/horse2.fq.gz	/analysis1/yihang_analysis/pipeline/data/bam/horse2.bam	horsedonkey	/analysis1/yihang_analysis/pipeline/data/assembly/sample1.fa	"horse,horsedonkey"
hinny1	/analysis1/yihang_analysis/pipeline/data/reads/hinny1.fq.gz	/analysis1/yihang_analysis/pipeline/data/bam/hinny1.bam	horsedonkey	/analysis1/yihang_analysis/pipeline/data/assembly/sample1.fa	hinny
